"i","delayMs","oldExitCode","oldGoneSec","outcome","newWindowSec"
"1","0","0","0.2996958","started (window 'VoLum')","2.577612"
"2","0","0","0.2776342","started (window 'VoLum')","1.4992857"
"3","50","0","0.4734812","started (window 'VoLum')","5.2346254"
"4","100","0","0.2581923","started (window 'VoLum')","1.4361819"
"5","150","0","0.3018133","started (window 'VoLum')","1.4790546"
"6","250","0","0.4038887","started (window 'VoLum')","2.4588462"
"7","400","0","0.5218512","started (window 'VoLum')","1.3186908"
"8","600","0","0.7169356","started (window 'VoLum')","1.4406994"
"9","1000","0","1.1213072","started (window 'VoLum')","1.8050438"
"10","0","0","0.6080029","started (window 'VoLum')","1.5433166"
"11","100","0","0.5519548","started (window 'VoLum')","1.6044105"
"12","250","0","0.3348821","started (window 'VoLum')","1.7402135"
