"label","driver","buffer","rate","rateOffered","rates","applied","applySec","open","notices","cpu","responding","alive","errors"
"cycle1 to ASIO","asio","128","48000","True","8000/11025/16000/22050/44100/48000/88200/96000/176400/192000","True","2.81","2026-10-09 08:35:24.716  [audio] stream open: 48000 Hz, buffer 128, requested 48000 Hz","","86.2","True","True",""
"cycle1 to DS","ds","512","48000","False","11025/22050/44100/96000","False","20.49","2026-10-09 08:35:31.622  [audio] stream open: 44100 Hz, buffer 512, requested 48000 Hz","Sample Rate,Sample Rate,Sample Rate,Sample Rate","73.8","True","True",""
"cycle2 to ASIO","asio","128","48000","True","8000/11025/16000/22050/44100/48000/88200/96000/176400/192000","True","2.5","2026-10-09 08:36:07.522  [audio] stream open: 48000 Hz, buffer 128, requested 48000 Hz","Sample Rate,Sample Rate,Sample Rate,Sample Rate","68","True","True",""
"cycle2 to DS","ds","512","48000","False","11025/22050/44100/96000","False","20.5","2026-10-09 08:36:14.853  [audio] stream open: 44100 Hz, buffer 512, requested 48000 Hz","Sample Rate,Sample Rate,Sample Rate,Sample Rate","51.9","True","True",""
"cycle3 to ASIO","asio","128","48000","True","8000/11025/16000/22050/44100/48000/88200/96000/176400/192000","True","2.16","2026-10-09 08:36:48.957  [audio] stream open: 48000 Hz, buffer 128, requested 48000 Hz","Sample Rate,Sample Rate,Sample Rate,Sample Rate","64.6","True","True",""
"cycle3 to DS","ds","512","48000","False","11025/22050/44100/96000","False","20.44","2026-10-09 08:36:56.357  [audio] stream open: 44100 Hz, buffer 512, requested 48000 Hz","Sample Rate,Sample Rate,Sample Rate,Sample Rate","62.1","True","True",""
"cycle4 to ASIO","asio","128","48000","True","8000/11025/16000/22050/44100/48000/88200/96000/176400/192000","True","1.94","2026-10-09 08:37:30.051  [audio] stream open: 48000 Hz, buffer 128, requested 48000 Hz","Sample Rate,Sample Rate,Sample Rate,Sample Rate","66.9","True","True",""
"cycle4 to DS","ds","512","48000","False","11025/22050/44100/96000","False","20.57","2026-10-09 08:37:37.426  [audio] stream open: 44100 Hz, buffer 512, requested 48000 Hz","Sample Rate,Sample Rate,Sample Rate,Sample Rate","75.2","True","True",""
"DS 64@44100","ds","64","44100","True","11025/22050/44100/96000","True","1.48","2026-10-09 08:38:11.819  [audio] stream open: 44100 Hz, buffer 64, requested 44100 Hz","Sample Rate,Sample Rate,Sample Rate,Sample Rate","18.1","True","True",""
"DS 128@44100","ds","128","44100","True","11025/22050/44100/96000","True","1.18","2026-10-09 08:38:19.027  [audio] stream open: 44100 Hz, buffer 128, requested 44100 Hz","Sample Rate,Sample Rate,Sample Rate,Sample Rate","29.3","True","True",""
"DS 256@44100","ds","256","44100","True","11025/22050/44100/96000","True","1.49","2026-10-09 08:38:26.752  [audio] stream open: 44100 Hz, buffer 256, requested 44100 Hz","Sample Rate,Sample Rate,Sample Rate,Sample Rate","60.1","True","True",""
"DS 512@44100","ds","512","44100","True","11025/22050/44100/96000","True","1.33","2026-10-09 08:38:34.077  [audio] stream open: 44100 Hz, buffer 512, requested 44100 Hz","Sample Rate,Sample Rate,Sample Rate,Sample Rate","59.7","True","True",""
"DS 64@48000","ds","64","48000","False","11025/22050/44100/96000","True","1.47","2026-10-09 08:38:41.569  [audio] stream open: 44100 Hz, buffer 64, requested 44100 Hz","Sample Rate,Sample Rate,Sample Rate,Sample Rate","27","True","True",""
"DS 128@48000","ds","128","48000","False","11025/22050/44100/96000","True","1.3","2026-10-09 08:38:48.777  [audio] stream open: 44100 Hz, buffer 128, requested 44100 Hz","Sample Rate,Sample Rate,Sample Rate,Sample Rate","32.6","True","True",""
"DS 256@48000","ds","256","48000","False","11025/22050/44100/96000","True","2.67","2026-10-09 08:38:57.501  [audio] stream open: 44100 Hz, buffer 256, requested 44100 Hz","Sample Rate,Sample Rate,Sample Rate,Sample Rate","79.5","True","True",""
"DS 512@48000","ds","512","48000","False","11025/22050/44100/96000","True","1.68","2026-10-09 08:39:05.990  [audio] stream open: 44100 Hz, buffer 512, requested 44100 Hz","Sample Rate,Sample Rate,Sample Rate,Sample Rate","65.3","True","True",""
"ASIO 64@44100","asio","64","44100","True","8000/11025/16000/22050/44100/48000/88200/96000/176400/192000","True","2.91","2026-10-09 08:39:32.754  [audio] stream open: 44100 Hz, buffer 64, requested 44100 Hz","Sample Rate,Sample Rate,Sample Rate,Sample Rate","58.9","True","True",""
"ASIO 128@44100","asio","128","44100","True","8000/11025/16000/22050/44100/48000/88200/96000/176400/192000","True","1.44","2026-10-09 08:39:40.585  [audio] stream open: 44100 Hz, buffer 128, requested 44100 Hz","Sample Rate,Sample Rate,Sample Rate,Sample Rate","60.6","True","True",""
"ASIO 256@44100","asio","256","44100","True","8000/11025/16000/22050/44100/48000/88200/96000/176400/192000","True","0.93","2026-10-09 08:39:47.496  [audio] stream open: 44100 Hz, buffer 256, requested 44100 Hz","Sample Rate,Sample Rate,Sample Rate,Sample Rate","64.8","True","True",""
"ASIO 512@44100","asio","512","44100","True","8000/11025/16000/22050/44100/48000/88200/96000/176400/192000","True","1.64","2026-10-09 08:39:55.114  [audio] stream open: 44100 Hz, buffer 512, requested 44100 Hz","Sample Rate,Sample Rate,Sample Rate,Sample Rate","62.8","True","True",""
"ASIO 64@48000","asio","64","48000","True","8000/11025/16000/22050/44100/48000/88200/96000/176400/192000","True","1.33","2026-10-09 08:40:02.417  [audio] stream open: 48000 Hz, buffer 64, requested 48000 Hz","Sample Rate,Sample Rate,Sample Rate,Sample Rate","71.6","True","True",""
"ASIO 128@48000","asio","128","48000","True","8000/11025/16000/22050/44100/48000/88200/96000/176400/192000","True","1.18","2026-10-09 08:40:09.615  [audio] stream open: 48000 Hz, buffer 128, requested 48000 Hz","Sample Rate,Sample Rate,Sample Rate,Sample Rate","69.3","True","True",""
"ASIO 256@48000","asio","256","48000","True","8000/11025/16000/22050/44100/48000/88200/96000/176400/192000","True","1.51","2026-10-09 08:40:17.332  [audio] stream open: 48000 Hz, buffer 256, requested 48000 Hz","Sample Rate,Sample Rate,Sample Rate,Sample Rate","60.1","True","True",""
"ASIO 512@48000","asio","512","48000","True","8000/11025/16000/22050/44100/48000/88200/96000/176400/192000","True","0.85","2026-10-09 08:40:24.297  [audio] stream open: 48000 Hz, buffer 512, requested 48000 Hz","Sample Rate,Sample Rate,Sample Rate,Sample Rate","53.4","True","True",""
"final ASIO 256@44100","asio","256","44100","True","8000/11025/16000/22050/44100/48000/88200/96000/176400/192000","True","0.91","2026-10-09 08:40:31.208  [audio] stream open: 44100 Hz, buffer 256, requested 44100 Hz","Sample Rate,Sample Rate,Sample Rate,Sample Rate","70.3","True","True",""
